word,content
chatgpt,@OfficialLoganK Until ChatGPT does it. It seems the typical way things go.
chatgpt, @heykahn: ChatGPT isn't going to replace your job.It's going to replace the most boring pas of your job.
chatgpt, @Marco_Gurnari: You can generate infinite ideas for your next aicles using ChatGPTso I listed 101 prompts (and more) to generate you‚Ä¶
chatgpt,Reminder: Write Good Repos with runnable PoCs.Projects suffer so much spam/ChatGPT/Low-quality repos that if you make yours intelligently they notice!To make web3sec have a healthy future we need to have high standards on each other. https://t.co/M0wcDVsqBj
chatgpt, @prof_homo: @DrSallyEverett @CCguerilla It may not be a good idea to copy and paste students' work to chatgpt at all
chatgpt, @PyTorch: Check out how PyTorch enables ColossalChat to deliver a high-performance user-friendly conversational AI experience.  On ou‚Ä¶
chatgpt,Chegg shares fall 32% after warning that students are using OpenAi‚Äôs ChatGPT for homework help 
chatgpt,@rhett chatgpt says run it back turbo
chatgpt, @MarketingJas: Can‚Äôt get access to browning ChatGPT yet? It‚Äôs ok ChatGPT extensions are even BETTER.
chatgpt, @GlenGilmore: #GenerativeAI Trend Map Base10Paners #AI #aificalintelligence #ChatGPT https://t.co/MmlWy0QL96
chatgpt, @Forbes: Six Things You Didn‚Äôt Know About ChatGPT. Stable Diffusion And The Future Of Generative AI https://t.co/VrPUJReNof https://t.co‚Ä¶
chatgpt, @OfficialLoganK: The fact that the first 4 results when you search something on Google are ads is proof that Google is going to lose sea‚Ä¶
chatgpt, @Forbes: Six Things You Didn‚Äôt Know About ChatGPT. Stable Diffusion And The Future Of Generative AI https://t.co/VrPUJReNof https://t.co‚Ä¶
chatgpt, @OfficialLoganK: Another small quality of life improvement that just landed: ChatGPT plugins resources on the overview page service sta‚Ä¶
chatgpt, @AshleyLLouise: ü§ñ I can't express how big of an impact #ChatGPT has had on my work life so I cooked up a FREE 22-page beginner's guide‚Ä¶
chatgpt,Talked to a few copywriters today. They‚Äôre now charging more to make AI written aicles sound human. Interesting evolution. #ChatGPT
chatgpt,@US_Dhuga @akramsrazor Is CheggMate not the biggest cope you've ever seen out of a public company? Oh so a tool where 99.9% of the value is provided by another company that offers a similar service for free? Why exactly does anyone need Chegg to use ChatG
chatgpt, @DevMuzzammil: 6 Trending AI Tools that'll make you a Superhuman.
chatgpt,Just imagine how many people done already asked ChatGPT and AI to kill all humans or something
chatgpt,ChatGPT is looking at international studies on gender affirming care. Isn‚Äôt it time the US did too? https://t.co/XAsSQOwyvI
chatgpt,"says News farms are proliferating due to AI tools like ChatGPT."" https://t.co/00JfcMOT34
chatgpt,Using #chatgpt to write letters of recommendationüëèüíú
chatgpt,Does anyone else feel rude when they don't thank ChatGPT?
chatgpt,When will Siri or google assistant have chatgpt abilities?
chatgpt, @mcuban: Introduction of ChatGPT is so similar to HTML and the Internet early days.  Everyone knew it would be impactful but we made it‚Ä¶
covid, @TaraServatius: WARNING: Another pandemic is being engineered by the US government in foreign labs former CDC director Robe Redfield‚Ä¶
covid, @drclairetaylor: She details that prior to the pandemic the average age of referrals to her cardiology clinic was aged 55-80yrs. 
covid, @NateB_Panic:  A leading cardiologist and covid scientist in the UK says the average age of referrals to her clinic has go‚Ä¶
covid,"VALIANT sucks because it had no audience" shut up. just shut the hell up. The seiyuus did not work their ASSES off putting in personal details and REHEARSING AT THEIR OWN HOMES for you to INSULT THEIR LIVE over them being covid-safe at the height of the pandemic."
covid, @michaelpsenger: ‚ÄúAs if to acknowledge the ultimate failure of the pandemic narrative multiple government officials have suddenly sta‚Ä¶
covid,During the pandemic we ‚Äúlost‚Äù @KennedyNation to Covid; many of us went to Tucker. now that Tucker is gone I‚Äôm trying to decide if I should go back to Kennedy on FBN. As a libearian she‚Äôs more centrist but I‚Äôm in search of someone who will go after the ppl that did this to us. https://t.co/tP8fCykm9G
covid, @NateB_Panic:  A leading cardiologist and covid scientist in the UK says the average age of referrals to her clinic has go‚Ä¶
covid, @NateB_Panic:  Covid killed many people and will kill more. 
covid, @GeneralMCNews:  Ohio attorney claims doctors and healthcare systems who imposed vaccine mandates and pushed experimental treat‚Ä¶
covid, @BlairWilliams26: The way we're treating COVID and vulnerable people right now is downright eugenics.We are forcing these people to ei‚Ä¶
covid, @drclairetaylor: She details that prior to the pandemic the average age of referrals to her cardiology clinic was aged 55-80yrs. Now it‚Ä¶
covid, @NateB_Panic:  Covid has caused people to be sad and depressed always.
covid, @BlairWilliams26: The way we're treating COVID and vulnerable people right now is downright eugenics.We are forcing these people to ei‚Ä¶
covid, @BernieSpoffoh: Seriously you must see it now.The unvaccinated against Covid will be bared from travelling outside their country wh‚Ä¶
covid, @SupremeQ911: THE US GOVERNMENT  PUSHED THIS FAKE ASS COVID PANDEMIC AND ALLOWED VACCINE BIO WEAPONS TO BE ADMINISTERED OWN INNOCENT PPL‚Ä¶
covid, @TaraServatius: WARNING: Another pandemic is being engineered by the US government in foreign labs former CDC director Robe Redfield‚Ä¶
covid, @EpiEllie: The idea children didn‚Äôt play a role in the pandemic used data from Spring 2020 as evidence. And I‚Äôm willing to agree: Chil‚Ä¶
covid, @drclairetaylor: She details that prior to the pandemic the average age of referrals to her cardiology clinic was aged 55-80yrs. Now it‚Ä¶
covid, @drclairetaylor: She details that prior to the pandemic the average age of referrals to her cardiology clinic was aged 55-80yrs. Now it‚Ä¶
covid, @bambkb: üö®üö®üö®Glenn Beck on Tucker-Carlson:‚ÄúTwo weeks before the pandemic staed the government (NIAID) and MODERNA signed a confident‚Ä¶
covid, @LeadingRepo:  If covid pandemic will come back in future then it will cause more and more sadness and anger.
covid, @Brandon5859: @KanekoaTheGreat @drscottjensen @jordanbpeterson This is true. My wife is a funeral director and saw it throughout the ‚Äúpa‚Ä¶
covid, @vgclements1: üí•üí•üí•THE WHO PANDEMIC TREATY WILL MAKE COVID TYRANTY PERMANENTüí•üí•üí•
covid, @gregggonsalves: .@jonathanmahler‚Äôs piece on @rweingaen in the @NYTimes connects a lot of dots for those on the right &amp; works with ass‚Ä¶
covid, @NateB_Panic:  Covid killed many people and will kill more. 
strangerthings, The Television show is great and thrilling experience of the show is great
strangerthings,i finally watched the last episode of stranger things and now i‚Äôm emotionally hungover
strangerthings, @SeriesBrasil: Maya Hawke (Stranger Things) no #MetGala. https://t.co/hFCjTYy7tr
strangerthings, @PeterOvo5: Imagine if someone said 230 million people watched Stranger Things because Netflix has 230 million subscribers.That is wha‚Ä¶
strangerthings, @joblessthursday: this is how im gonna be when steve harrington dies in stranger things s5 https://t.co/yQ20NESWIn
strangerthings, @SeriesBrasil: Maya Hawke (Stranger Things) a caminho do #MetGala. https://t.co/0zfUVB7H6L
strangerthings, @011scenes: stranger things had such a crazy impact last year like wdym a 37-year-old song went number 1 and trending worldwide because‚Ä¶
strangerthings, @daleyeahson_: üî¥ Stranger Things stars Joseph Quinn &amp; Joe Keery seen at the 2023 #MetGala https://t.co/7wOzrzfS42
strangerthings, @PeterOvo5: Imagine if someone said 230 million people watched Stranger Things because Netflix has 230 million subscribers.That is wha‚Ä¶
strangerthings, @SeriesTWBZ: Maya Hawke (Stranger Things) Amanda Seyfried (Mamma Mia!) Yara Shahidi (Peter Pan &amp; Wendy) e Sydney Sweeney (Euphoria) no‚Ä¶
strangerthings,i think about stranger things and i think about holding robin so gently in my hands just a little bean
strangerthings,@hotmamasnearyou noüò≠ none of the st kids have been even tho theyre all old enough now sjjfjsjs someone said its cuz anna wintour hates stranger things
strangerthings,Need me a friend group night to watch stranger things through teleparty and enjoy the Television show
strangerthings, @011scenes: stranger things had such a crazy impact last year like wdym a 37-year-old song went number 1 and trending worldwide because‚Ä¶
strangerthings,@niallpaperhouse my hot takes stranger things is ovverated in and out is nasty as hell dear Evan Hansen only has one good song
strangerthings, @cavalryquake: scrappy lil edit stranger things st new perspectives https://t.co/CFTTTA0OpL https://t.co/yRjQNikbX5
strangerthings,"It's like a stranger had a key came inside my mind and moved all my things around..
strangerthings,Stranger things is a must watch Television show
strangerthings, @011scenes: stranger things had such a crazy impact last year like wdym a 37-year-old song went number 1 and trending worldwide because‚Ä¶
strangerthings,@niallpaperhouse my hot takes stranger things is ovverated in and out is nasty as hell dear Evan Hansen only has one good song
strangerthings, @cavalryquake: scrappy lil edit ‚Äî stranger things st new perspectives https://t.co/CFTTTA0OpL https://t.co/yRjQNikbX5
strangerthings," @sunsunny31: It's like a stranger had a key came inside my mind and moved all my things around..
strangerthings, Thrilling Television show
strangerthings, Thrilling Television show
strangerthings, Thrilling Television show